paper_id,instance,target,method,plan,x_pct,y_pct,removed_nodes
1,94,Visual_Network,surrogate,0,95.01992277307258,90.47434656340754,"[0, 1, 2, 5, 6, 7, 9, 10, 13, 14, 15, 16, 17, 18, 20, 21, 22, 23, 24, 25, 26, 27, 28, 29, 32, 33, 34]"
1,94,Visual_Network,surrogate,1,95.464950950798,90.35818005808325,"[0, 1, 2, 5, 6, 7, 9, 10, 12, 13, 14, 15, 16, 17, 18, 21, 22, 23, 24, 25, 27, 28, 29, 32, 33, 34]"
1,94,Visual_Network,surrogate,2,95.44449838227574,86.52468538238142,"[0, 1, 2, 6, 7, 8, 9, 10, 13, 14, 15, 16, 17, 18, 21, 22, 23, 24, 25, 26, 27, 28, 29, 32, 33, 34]"
1,94,Visual_Network,surrogate,3,95.48762126771425,86.52468538238142,"[0, 1, 2, 5, 6, 7, 8, 9, 10, 13, 14, 16, 17, 18, 21, 22, 23, 24, 25, 26, 27, 28, 29, 32, 33, 34]"
1,94,Visual_Network,surrogate,4,95.6014656852719,86.52468538238142,"[0, 1, 2, 5, 6, 7, 8, 9, 10, 13, 14, 15, 16, 17, 18, 21, 22, 23, 24, 25, 26, 27, 28, 29, 32]"
1,94,Visual_Network,surrogate,5,95.88238048184279,86.56340755082284,"[0, 1, 2, 3, 6, 7, 9, 10, 13, 14, 15, 16, 17, 18, 21, 22, 23, 24, 25, 26, 27, 28, 32, 33, 34]"
1,94,Visual_Network,surrogate,6,95.92895319811637,86.56340755082284,"[0, 1, 2, 3, 5, 6, 7, 9, 10, 14, 16, 17, 18, 21, 22, 23, 24, 25, 26, 27, 28, 29, 32, 33, 34]"
1,94,Visual_Network,surrogate,7,96.53316642723196,86.56340755082284,"[0, 1, 2, 3, 5, 6, 7, 9, 10, 14, 15, 16, 17, 18, 21, 22, 23, 24, 25, 27, 28, 29, 32, 33]"
1,94,Visual_Network,surrogate,8,96.09429866171205,83.17521781219749,"[0, 1, 2, 3, 5, 6, 7, 9, 10, 11, 14, 16, 17, 18, 21, 22, 23, 24, 25, 26, 27, 28, 29, 32, 33]"
1,94,Visual_Network,surrogate,9,96.41833634372142,82.72991287512102,"[0, 1, 2, 3, 6, 7, 8, 9, 10, 13, 15, 16, 17, 18, 21, 22, 23, 24, 25, 26, 27, 28, 32, 33]"
1,94,Visual_Network,surrogate,10,96.4686053073183,82.72991287512102,"[0, 1, 2, 3, 5, 6, 7, 8, 9, 10, 16, 17, 18, 21, 22, 23, 24, 25, 26, 27, 28, 29, 32, 33]"
1,94,Visual_Network,surrogate,11,96.4686053073183,82.72991287512102,"[0, 1, 2, 3, 5, 6, 7, 8, 9, 10, 16, 17, 18, 21, 22, 23, 24, 25, 26, 27, 28, 29, 32, 33]"
1,94,Visual_Network,exact,0,94.05002747532721,90.59051306873195,null
1,94,Visual_Network,exact,1,94.50589797864552,90.47434656340754,"[0, 1, 2, 5, 6, 7, 9, 10, 13, 14, 15, 16, 17, 18, 19, 20, 21, 22, 23, 24, 25, 26, 27, 28, 29, 32, 33, 34]"
1,94,Visual_Network,exact,2,94.13627324631545,86.56340755082284,"[0, 1, 2, 3, 5, 6, 7, 9, 10, 13, 14, 15, 16, 17, 18, 19, 20, 21, 22, 23, 24, 25, 26, 27, 28, 29, 32, 33, 34]"
1,94,Visual_Network,exact,3,95.464950950798,90.35818005808325,"[0, 1, 2, 5, 6, 7, 9, 10, 12, 13, 14, 15, 16, 17, 18, 21, 22, 23, 24, 25, 27, 28, 29, 32, 33, 34]"
1,94,Visual_Network,exact,4,95.66725888762666,86.8538238141336,"[0, 1, 2, 5, 6, 7, 9, 10, 11, 13, 14, 15, 16, 17, 18, 21, 22, 23, 24, 25, 27, 28, 29, 32, 33, 34]"
1,94,Visual_Network,exact,5,96.04279761567403,86.56340755082284,"[0, 1, 2, 3, 5, 7, 9, 10, 14, 15, 16, 17, 18, 21, 22, 23, 24, 25, 26, 27, 28, 29, 32, 33]"
1,94,Visual_Network,exact,6,96.34515064672004,86.56340755082284,"[0, 1, 2, 3, 5, 6, 7, 9, 10, 12, 13, 16, 17, 18, 21, 22, 23, 24, 25, 27, 28, 32, 33, 34]"
1,94,Visual_Network,exact,7,96.39172336299363,86.56340755082284,"[0, 1, 2, 3, 5, 6, 7, 9, 10, 12, 13, 14, 16, 17, 18, 21, 22, 23, 24, 25, 27, 28, 32, 33]"
1,94,Visual_Network,exact,8,96.52971659639688,86.56340755082284,"[0, 1, 2, 3, 5, 6, 7, 9, 10, 13, 14, 15, 16, 17, 18, 21, 22, 23, 24, 25, 27, 28, 32, 33]"
1,94,Visual_Network,exact,9,96.55559032765998,83.21393998063893,"[0, 1, 2, 3, 5, 6, 7, 9, 10, 14, 15, 16, 17, 18, 21, 22, 23, 24, 25, 27, 28, 30, 32, 33]"
1,94,Visual_Network,exact,10,96.60980195506839,83.21393998063893,"[0, 1, 2, 3, 5, 6, 7, 9, 10, 13, 15, 16, 17, 18, 21, 22, 23, 24, 25, 27, 28, 30, 32, 33]"
1,94,Visual_Network,exact,11,96.64750367776608,83.17521781219749,"[0, 1, 2, 3, 5, 6, 7, 9, 10, 11, 13, 15, 16, 17, 18, 21, 22, 23, 24, 25, 27, 28, 32, 33]"
1,94,Visual_Network,exact,12,96.90008057819163,82.72991287512102,"[0, 1, 2, 3, 5, 7, 8, 9, 10, 14, 16, 17, 18, 21, 22, 23, 24, 25, 27, 28, 32]"
1,94,Visual_Network,exact,13,96.95429220560005,82.72991287512102,"[0, 1, 2, 3, 5, 7, 8, 9, 10, 13, 16, 17, 18, 21, 22, 23, 24, 25, 27, 28, 32, 33]"
1,94,Visual_Network,exact,14,97.00234342080296,82.72991287512102,"[0, 1, 2, 3, 5, 6, 7, 8, 9, 10, 13, 14, 16, 18, 21, 22, 23, 24, 25, 27, 28, 32, 33]"
1,94,Visual_Network,exact,15,97.02427448825455,79.57405614714425,"[0, 1, 2, 3, 5, 7, 8, 9, 10, 11, 16, 17, 18, 21, 22, 23, 24, 25, 27, 28, 32, 33]"
1,94,Visual_Network,exact,16,97.02427448810244,79.57405614714456,null
2,95,Visual_Network,surrogate,0,95.53682325415703,100.0,"[1, 2, 4, 5, 7, 8, 9, 10, 11, 12, 13, 14, 15, 16, 17, 18, 19, 20, 22, 23, 25, 26, 27]"
2,95,Visual_Network,surrogate,1,95.57461414775518,100.0,"[1, 2, 5, 6, 7, 8, 9, 10, 11, 12, 13, 14, 15, 16, 17, 18, 19, 20, 21, 22, 23, 25, 26]"
2,95,Visual_Network,surrogate,2,95.61938552488422,100.0,"[1, 2, 3, 5, 6, 7, 8, 9, 10, 11, 12, 13, 14, 15, 16, 17, 18, 19, 20, 22, 23, 25, 26]"
2,95,Visual_Network,surrogate,3,95.8415574662289,100.0,"[1, 2, 3, 4, 5, 7, 8, 9, 10, 11, 12, 13, 14, 15, 16, 17, 18, 19, 20, 22, 25, 26]"
2,95,Visual_Network,surrogate,4,97.00922386651389,97.09080223332352,"[0, 1, 2, 5, 8, 9, 10, 11, 12, 13, 14, 15, 16, 17, 18, 19, 20, 22, 25, 26]"
2,95,Visual_Network,surrogate,5,97.00922386651389,97.09080223332352,"[0, 1, 2, 5, 8, 9, 10, 11, 12, 13, 14, 15, 16, 17, 18, 19, 20, 22, 25, 26]"
2,95,Visual_Network,exact,0,95.84155746604576,99.99999999999835,null
2,95,Visual_Network,exact,1,96.22548406042691,97.09080223332352,"[0, 2, 4, 5, 7, 8, 9, 10, 11, 12, 13, 14, 15, 17, 19, 20, 22, 25, 26]"
2,95,Visual_Network,exact,2,96.61398407486928,97.09080223332352,"[0, 1, 2, 4, 5, 7, 8, 9, 10, 12, 13, 14, 15, 16, 17, 19, 20, 22, 25, 26]"
2,95,Visual_Network,exact,3,96.6599589836416,97.09080223332352,"[0, 1, 2, 4, 5, 7, 8, 9, 10, 11, 12, 13, 14, 15, 16, 17, 19, 20, 22, 26]"
2,95,Visual_Network,exact,4,96.84554356303136,97.09080223332352,"[0, 1, 2, 5, 7, 8, 9, 10, 12, 13, 14, 15, 16, 17, 18, 19, 20, 22, 25, 26]"
2,95,Visual_Network,exact,5,96.8883892895312,97.09080223332352,"[0, 1, 2, 5, 7, 8, 9, 10, 11, 12, 13, 14, 15, 16, 17, 18, 19, 20, 22, 26]"
2,95,Visual_Network,exact,6,97.00922386651389,97.09080223332352,"[0, 1, 2, 5, 8, 9, 10, 11, 12, 13, 14, 15, 16, 17, 18, 19, 20, 22, 25, 26]"
2,95,Visual_Network,exact,7,97.0092238662993,97.09080223332155,null
2,95,Multiple_Demand_Extended_Network,surrogate,0,95.95083813943637,99.9809305873379,"[0, 1, 2, 4, 7, 8, 9, 10, 12, 13, 14, 15, 16, 17, 18, 19, 20, 22, 23, 26, 27, 28]"
2,95,Multiple_Demand_Extended_Network,surrogate,1,95.99825728618059,100.00000000000001,"[0, 1, 2, 4, 8, 9, 10, 11, 12, 13, 14, 15, 16, 17, 18, 19, 20, 21, 22, 26, 27, 28]"
2,95,Multiple_Demand_Extended_Network,surrogate,2,96.02738275194731,100.00000000000001,"[0, 1, 2, 4, 8, 9, 10, 11, 12, 13, 14, 15, 16, 17, 18, 19, 20, 21, 22, 23, 26, 27]"
2,95,Multiple_Demand_Extended_Network,surrogate,3,96.18263833392707,100.00000000000001,"[0, 1, 2, 8, 9, 10, 11, 12, 13, 14, 15, 16, 17, 18, 19, 20, 21, 22, 23, 25, 26, 27]"
2,95,Multiple_Demand_Extended_Network,surrogate,4,96.35089205765398,99.9809305873379,"[0, 1, 2, 4, 7, 8, 9, 10, 11, 12, 13, 14, 15, 16, 17, 18, 19, 20, 22, 26, 28]"
2,95,Multiple_Demand_Extended_Network,surrogate,5,96.38964577656677,99.9809305873379,"[0, 1, 2, 4, 7, 8, 9, 10, 11, 12, 13, 14, 15, 16, 17, 18, 19, 20, 22, 23, 26]"
2,95,Multiple_Demand_Extended_Network,surrogate,6,96.51144317886404,100.00000000000001,"[0, 1, 2, 4, 8, 9, 10, 11, 12, 13, 14, 15, 16, 17, 18, 19, 20, 22, 23, 25, 26]"
2,95,Multiple_Demand_Extended_Network,surrogate,7,96.5381615813443,99.9809305873379,"[0, 1, 2, 7, 8, 9, 10, 11, 12, 13, 14, 15, 16, 17, 18, 19, 20, 22, 23, 25, 26]"
2,95,Multiple_Demand_Extended_Network,surrogate,8,96.57739671291439,95.91914569031273,"[0, 1, 2, 3, 5, 8, 9, 10, 12, 13, 14, 15, 16, 17, 18, 19, 20, 22, 23, 26, 27]"
2,95,Multiple_Demand_Extended_Network,surrogate,9,96.75576010244463,95.90007627765064,"[0, 1, 2, 5, 7, 8, 9, 10, 12, 13, 14, 15, 16, 17, 18, 19, 20, 21, 22, 26]"
2,95,Multiple_Demand_Extended_Network,surrogate,10,96.80582701880397,95.90007627765064,"[0, 1, 2, 3, 5, 7, 8, 9, 10, 12, 13, 14, 15, 16, 17, 18, 19, 20, 22, 26]"
2,95,Multiple_Demand_Extended_Network,surrogate,11,96.89055564648905,95.90007627765064,"[0, 1, 2, 5, 7, 8, 9, 10, 12, 13, 14, 15, 16, 17, 18, 19, 20, 22, 23, 26]"
2,95,Multiple_Demand_Extended_Network,surrogate,12,96.92955007173049,95.91914569031273,"[0, 1, 2, 3, 5, 8, 9, 10, 12, 13, 14, 15, 16, 17, 18, 19, 20, 22, 25, 26]"
2,95,Multiple_Demand_Extended_Network,surrogate,13,96.97239579823034,95.91914569031273,"[0, 1, 2, 3, 5, 8, 9, 10, 11, 12, 13, 14, 15, 16, 17, 18, 19, 20, 22, 26]"
2,95,Multiple_Demand_Extended_Network,surrogate,14,97.00922386651389,95.91914569031273,"[0, 1, 2, 5, 8, 9, 10, 11, 12, 13, 14, 15, 16, 17, 18, 19, 20, 22, 25, 26]"
2,95,Multiple_Demand_Extended_Network,exact,0,96.51144317866193,99.99999999999874,null
2,95,Multiple_Demand_Extended_Network,exact,1,96.5381615813443,99.9809305873379,"[0, 1, 2, 7, 8, 9, 10, 11, 12, 13, 14, 15, 16, 17, 18, 19, 20, 22, 23, 25, 26]"
2,95,Multiple_Demand_Extended_Network,exact,2,96.56126938889476,99.9809305873379,"[0, 1, 2, 6, 7, 8, 9, 10, 11, 12, 13, 14, 15, 16, 17, 18, 19, 20, 22, 23, 26]"
2,95,Multiple_Demand_Extended_Network,exact,3,97.00922386651389,95.91914569031273,"[0, 1, 2, 5, 8, 9, 10, 11, 12, 13, 14, 15, 16, 17, 18, 19, 20, 22, 25, 26]"
2,95,Multiple_Demand_Extended_Network,exact,4,97.0092238662993,95.9191456903116,null
3,96,Visual_Network,surrogate,0,95.85206786982408,100.0,"[2, 4, 5, 6, 7, 8, 9, 10, 11, 13, 14, 15, 16, 17, 18, 21, 24, 25, 26, 27, 28, 29, 30, 31, 32, 36, 37, 38]"
3,96,Visual_Network,surrogate,1,95.88292231398376,100.0,"[2, 4, 5, 6, 7, 8, 9, 10, 11, 13, 14, 15, 16, 17, 18, 21, 24, 25, 26, 27, 28, 29, 30, 31, 36, 37, 38, 39]"
3,96,Visual_Network,surrogate,2,96.18051840442709,100.0,"[2, 4, 5, 6, 7, 8, 9, 10, 11, 12, 13, 14, 15, 16, 17, 18, 21, 24, 25, 26, 27, 28, 29, 30, 31, 36, 38]"
3,96,Visual_Network,surrogate,3,96.23103011543044,100.0,"[2, 4, 5, 6, 7, 8, 9, 10, 11, 12, 13, 14, 15, 16, 17, 18, 24, 25, 26, 27, 28, 29, 30, 31, 36, 37, 38]"
3,96,Visual_Network,surrogate,4,96.23103011543044,100.0,"[2, 4, 5, 6, 7, 8, 9, 10, 11, 12, 13, 14, 15, 16, 17, 18, 24, 25, 26, 27, 28, 29, 30, 31, 36, 37, 38]"
3,96,Visual_Network,exact,0,96.25242916529149,99.99999999999838,null
3,96,Visual_Network,exact,1,96.25242916529149,99.99999999999838,null
4,98,Visual_Network,surrogate,0,98.79872809482579,99.99999999999999,"[0, 2, 4, 5, 6, 7, 8, 9, 10, 11, 13, 14, 15, 16, 17, 18, 19, 20, 21, 22, 23, 24, 25, 26, 27, 29]"
4,98,Visual_Network,surrogate,1,99.07366619577819,94.63087248322147,"[0, 1, 2, 3, 4, 5, 6, 7, 8, 10, 11, 13, 14, 15, 16, 17, 18, 19, 20, 21, 22, 24, 25]"
4,98,Visual_Network,surrogate,2,99.07366619577819,94.63087248322147,"[0, 1, 2, 3, 4, 6, 7, 8, 10, 11, 13, 14, 15, 16, 17, 18, 20, 22, 24, 25, 26, 27]"
4,98,Visual_Network,exact,0,98.81644970339961,99.99999999999864,null
4,98,Visual_Network,exact,1,99.07366619577819,94.63087248322147,"[0, 1, 2, 3, 4, 5, 6, 7, 8, 10, 11, 13, 14, 15, 16, 17, 18, 19, 20, 21, 22, 24, 25, 26, 27]"
4,98,Visual_Network,exact,2,99.07366619563203,94.6308724832206,null
5,99,Visual_Network,surrogate,0,93.66680941760092,100.0,"[0, 1, 2, 4, 5, 6, 7, 8, 9, 10, 11, 12, 13, 14, 15, 16, 17, 18, 19, 20, 22, 23, 24, 25, 26, 27, 28, 29, 30, 35, 36, 37]"
5,99,Visual_Network,surrogate,1,94.01683800904529,100.0,"[0, 1, 4, 5, 6, 7, 8, 9, 10, 11, 13, 14, 15, 16, 17, 18, 19, 20, 22, 23, 24, 25, 26, 27, 28, 29, 30, 32, 35, 36, 37]"
5,99,Visual_Network,surrogate,2,94.0492664004733,100.0,"[0, 1, 4, 5, 6, 7, 8, 9, 10, 11, 12, 13, 14, 15, 16, 18, 19, 20, 22, 23, 24, 25, 26, 27, 28, 29, 30, 32, 35, 36, 37]"
5,99,Visual_Network,surrogate,3,94.81814108578175,100.0,"[0, 1, 4, 5, 6, 7, 8, 9, 10, 11, 13, 14, 15, 16, 18, 19, 20, 23, 24, 25, 26, 27, 28, 29, 30, 31, 35, 36, 37]"
5,99,Visual_Network,surrogate,4,94.92210997432959,100.0,"[0, 1, 4, 5, 6, 7, 8, 9, 10, 11, 14, 15, 16, 17, 18, 19, 20, 22, 23, 24, 25, 26, 27, 28, 29, 31, 35, 36, 37]"
5,99,Visual_Network,surrogate,5,95.31001294660206,100.0,"[0, 1, 4, 5, 6, 7, 8, 9, 11, 14, 15, 16, 18, 19, 20, 22, 23, 24, 25, 26, 27, 28, 29, 30, 31, 35, 36, 37]"
5,99,Visual_Network,surrogate,6,95.41719991979541,95.91651542649727,"[0, 1, 4, 5, 6, 7, 9, 11, 14, 15, 16, 18, 19, 20, 23, 24, 25, 26, 27, 28, 29, 31, 32, 34, 35, 36, 37]"
5,99,Visual_Network,surrogate,7,95.41719991979541,95.91651542649727,"[0, 1, 4, 5, 6, 7, 9, 11, 14, 15, 16, 18, 19, 20, 23, 24, 25, 26, 27, 28, 29, 31, 32, 34, 35, 36, 37]"
5,99,Visual_Network,exact,0,95.31001294648128,99.99999999999797,null
5,99,Visual_Network,exact,1,95.36368069669055,95.91651542649727,"[0, 1, 4, 5, 6, 7, 9, 11, 14, 15, 16, 18, 19, 20, 23, 24, 25, 27, 28, 29, 30, 31, 32, 34, 35, 36, 37]"
5,99,Visual_Network,exact,2,95.41719991979541,95.91651542649727,"[0, 1, 4, 5, 6, 7, 9, 11, 14, 15, 16, 18, 19, 20, 23, 24, 25, 26, 27, 28, 29, 31, 32, 34, 35, 36, 37]"
5,99,Visual_Network,exact,3,95.41719991967848,95.91651542649477,null
5,99,Multiple_Demand_Extended_Network,surrogate,0,94.5072246000292,99.96281836772633,"[0, 1, 3, 4, 5, 6, 9, 11, 14, 15, 16, 17, 18, 19, 20, 21, 23, 24, 25, 26, 27, 28, 29, 30, 31, 34, 35, 36, 37]"
5,99,Multiple_Demand_Extended_Network,surrogate,1,94.53618736183894,99.90704591931585,"[0, 1, 2, 4, 5, 6, 9, 11, 14, 15, 16, 17, 18, 19, 20, 21, 23, 24, 25, 26, 27, 28, 29, 30, 31, 34, 35, 36, 37]"
5,99,Multiple_Demand_Extended_Network,surrogate,2,94.85774828141902,99.68395612567392,"[0, 1, 2, 5, 6, 9, 11, 14, 15, 16, 17, 18, 19, 20, 23, 24, 25, 26, 27, 28, 29, 30, 31, 32, 34, 35, 36, 37]"
5,99,Multiple_Demand_Extended_Network,surrogate,3,94.8847306834469,99.79550102249489,"[0, 1, 4, 5, 6, 9, 11, 14, 15, 16, 18, 19, 20, 21, 23, 24, 25, 26, 27, 28, 29, 30, 31, 32, 34, 35, 36, 37]"
5,99,Multiple_Demand_Extended_Network,surrogate,4,95.00107682063138,99.79550102249489,"[0, 1, 4, 5, 6, 9, 11, 14, 15, 16, 17, 18, 19, 20, 23, 24, 25, 26, 27, 28, 29, 30, 31, 32, 34, 35, 36, 37]"
5,99,Multiple_Demand_Extended_Network,surrogate,5,95.00553263014058,99.90704591931585,"[0, 1, 2, 4, 5, 6, 8, 9, 11, 14, 15, 16, 18, 19, 20, 23, 24, 25, 26, 27, 28, 29, 30, 31, 34, 35, 36, 37]"
5,99,Multiple_Demand_Extended_Network,surrogate,6,94.62208546737727,96.33760922104481,"[0, 1, 4, 5, 6, 8, 9, 11, 14, 15, 16, 18, 19, 20, 21, 22, 23, 24, 25, 26, 27, 28, 29, 30, 31, 34, 35, 36, 37]"
5,99,Multiple_Demand_Extended_Network,surrogate,7,94.75873029232584,96.3376092210448,"[0, 1, 4, 5, 6, 7, 8, 9, 11, 14, 15, 16, 17, 18, 19, 20, 23, 24, 25, 26, 27, 28, 29, 30, 31, 34, 35, 36, 37]"
5,99,Multiple_Demand_Extended_Network,surrogate,8,95.36368069669055,96.17029187581335,"[0, 1, 4, 5, 6, 7, 9, 11, 14, 15, 16, 18, 19, 20, 23, 24, 25, 27, 28, 29, 30, 31, 32, 34, 35, 36, 37]"
5,99,Multiple_Demand_Extended_Network,surrogate,9,95.41719991979541,96.17029187581335,"[0, 1, 4, 5, 6, 7, 9, 11, 14, 15, 16, 18, 19, 20, 23, 24, 25, 26, 27, 28, 29, 31, 32, 34, 35, 36, 37]"
5,99,Multiple_Demand_Extended_Network,surrogate,10,94.97409441860349,96.17029187581335,"[0, 1, 4, 5, 6, 7, 8, 9, 11, 14, 15, 16, 18, 19, 20, 23, 24, 25, 26, 27, 28, 29, 31, 32, 34, 35, 36, 37]"
5,99,Multiple_Demand_Extended_Network,exact,0,94.61812474769737,99.96281836772566,null
5,99,Multiple_Demand_Extended_Network,exact,1,95.00553263014058,99.90704591931585,"[0, 1, 2, 4, 5, 6, 8, 9, 11, 14, 15, 16, 18, 19, 20, 23, 24, 25, 26, 27, 28, 29, 30, 31, 34, 35, 36, 37]"
5,99,Multiple_Demand_Extended_Network,exact,2,95.16544668252602,96.3376092210448,"[0, 1, 4, 5, 6, 7, 8, 9, 11, 14, 15, 16, 18, 19, 20, 23, 24, 25, 26, 27, 28, 29, 30, 31, 34, 35, 36, 37]"
5,99,Multiple_Demand_Extended_Network,exact,3,95.2043112432451,96.3376092210448,"[0, 1, 4, 5, 6, 7, 9, 11, 14, 15, 16, 17, 18, 19, 20, 23, 24, 25, 26, 27, 28, 29, 30, 31, 34, 35, 36, 37]"
5,99,Multiple_Demand_Extended_Network,exact,4,95.36368069669055,96.17029187581335,"[0, 1, 4, 5, 6, 7, 9, 11, 14, 15, 16, 18, 19, 20, 23, 24, 25, 27, 28, 29, 30, 31, 32, 34, 35, 36, 37]"
5,99,Multiple_Demand_Extended_Network,exact,5,95.41719991979541,96.17029187581335,"[0, 1, 4, 5, 6, 7, 9, 11, 14, 15, 16, 18, 19, 20, 23, 24, 25, 26, 27, 28, 29, 31, 32, 34, 35, 36, 37]"
5,99,Multiple_Demand_Extended_Network,exact,6,95.41719991967848,96.17029187581264,null
6,100,Visual_Network,surrogate,0,93.4747423717238,100.0,"[2, 3, 4, 5, 6, 7, 8, 9, 10, 12, 13, 15, 16, 17, 18, 21, 22, 23, 25, 26, 27, 32]"
6,100,Visual_Network,surrogate,1,93.69740430448552,100.0,"[3, 5, 6, 7, 8, 9, 10, 12, 13, 15, 16, 17, 18, 20, 21, 22, 23, 25, 26, 27, 32]"
6,100,Visual_Network,surrogate,2,94.23885637837559,100.0,"[3, 4, 5, 6, 7, 8, 9, 10, 12, 13, 16, 17, 18, 20, 21, 22, 23, 26, 27, 32]"
6,100,Visual_Network,surrogate,3,94.31697516571006,100.0,"[2, 3, 4, 5, 6, 8, 9, 10, 12, 13, 16, 17, 18, 20, 21, 22, 23, 26, 27, 32]"
6,100,Visual_Network,surrogate,4,94.58898758987166,100.0,"[3, 4, 5, 6, 8, 9, 10, 12, 13, 16, 17, 20, 21, 22, 23, 26, 27, 30, 32]"
6,100,Visual_Network,surrogate,5,94.58898758987166,100.0,"[3, 4, 5, 6, 8, 9, 10, 12, 13, 16, 17, 20, 21, 22, 23, 26, 27, 30, 32]"
6,100,Visual_Network,exact,0,94.58898758965665,99.99999999999858,null
6,100,Visual_Network,exact,1,94.58898758965665,99.99999999999858,null
7,102,Visual_Network,surrogate,0,95.28769420540276,100.0,"[1, 2, 3, 4, 5, 7, 8, 9, 10, 14, 15, 16, 17, 18, 19, 20, 21, 22, 23, 24, 29, 30, 32, 34, 36]"
7,102,Visual_Network,surrogate,1,95.33882799417415,100.0,"[1, 3, 4, 5, 7, 8, 9, 10, 14, 15, 16, 17, 18, 19, 20, 21, 22, 23, 25, 29, 30, 32, 34, 35, 36]"
7,102,Visual_Network,surrogate,2,95.72439130192444,100.0,"[1, 3, 4, 5, 7, 8, 9, 10, 14, 15, 16, 17, 18, 19, 20, 21, 23, 24, 29, 30, 32, 34, 35, 36]"
7,102,Visual_Network,surrogate,3,95.69676451557399,100.0,"[1, 3, 4, 5, 7, 8, 9, 10, 14, 15, 16, 17, 18, 20, 21, 22, 23, 24, 29, 30, 32, 34, 35, 36]"
7,102,Visual_Network,exact,0,95.72439130175732,99.9999999999985,null
7,102,Visual_Network,exact,1,95.72439130175732,99.9999999999985,null
7,102,Multiple_Demand_Extended_Network,surrogate,0,94.43683765385576,100.0,"[1, 3, 4, 5, 7, 8, 10, 14, 15, 16, 18, 19, 20, 21, 22, 23, 24, 25, 27, 29, 30, 31, 32, 33, 34, 35, 36]"
7,102,Multiple_Demand_Extended_Network,surrogate,1,94.51535588874646,100.0,"[1, 3, 4, 5, 7, 8, 10, 11, 14, 15, 16, 18, 19, 20, 21, 22, 23, 24, 25, 29, 30, 31, 32, 33, 34, 35, 36]"
7,102,Multiple_Demand_Extended_Network,surrogate,2,94.85608625373507,100.0,"[1, 3, 4, 5, 7, 8, 9, 10, 14, 15, 16, 18, 19, 20, 21, 22, 23, 24, 25, 27, 29, 30, 32, 34, 35, 36]"
7,102,Multiple_Demand_Extended_Network,surrogate,3,94.9726519049154,100.0,"[1, 3, 4, 5, 7, 8, 9, 10, 14, 15, 16, 18, 19, 20, 21, 22, 23, 24, 25, 29, 30, 32, 33, 34, 35, 36]"
7,102,Multiple_Demand_Extended_Network,surrogate,4,95.2050561865826,99.81196581196582,"[1, 3, 4, 5, 7, 8, 10, 14, 15, 16, 17, 18, 19, 20, 21, 23, 24, 27, 29, 30, 32, 33, 34, 35, 36]"
7,102,Multiple_Demand_Extended_Network,surrogate,5,95.68319346262994,99.81196581196582,"[1, 3, 4, 5, 7, 8, 10, 14, 15, 16, 17, 18, 19, 20, 21, 22, 23, 24, 29, 30, 32, 34, 35, 36]"
7,102,Multiple_Demand_Extended_Network,surrogate,6,95.72439130192444,99.81196581196582,"[1, 3, 4, 5, 7, 8, 9, 10, 14, 15, 16, 17, 18, 19, 20, 21, 23, 24, 29, 30, 32, 34, 35, 36]"
7,102,Multiple_Demand_Extended_Network,exact,0,95.0133650635947,99.99999999999763,null
7,102,Multiple_Demand_Extended_Network,exact,1,95.18324556577961,99.81196581196582,"[1, 3, 4, 5, 7, 8, 9, 10, 14, 17, 19, 20, 21, 22, 23, 24, 25, 29, 30, 32, 34, 35, 36]"
7,102,Multiple_Demand_Extended_Network,exact,2,95.57607908046423,99.81196581196582,"[1, 3, 4, 5, 7, 8, 9, 10, 14, 15, 16, 17, 20, 21, 22, 23, 24, 25, 29, 30, 32, 34, 35, 36]"
7,102,Multiple_Demand_Extended_Network,exact,3,95.65047753142548,99.81196581196582,"[1, 3, 4, 5, 7, 8, 9, 10, 14, 15, 16, 17, 19, 20, 21, 22, 23, 24, 29, 30, 32, 34, 35, 36]"
7,102,Multiple_Demand_Extended_Network,exact,4,95.69676451557399,99.81196581196582,"[1, 3, 4, 5, 7, 8, 9, 10, 14, 15, 16, 17, 18, 20, 21, 22, 23, 24, 29, 30, 32, 34, 35, 36]"
7,102,Multiple_Demand_Extended_Network,exact,5,95.72439130192444,99.81196581196582,"[1, 3, 4, 5, 7, 8, 9, 10, 14, 15, 16, 17, 18, 19, 20, 21, 23, 24, 29, 30, 32, 34, 35, 36]"
7,102,Multiple_Demand_Extended_Network,exact,6,95.72439130175732,99.81196581196332,null
8,103,Multiple_Demand_Extended_Network,surrogate,0,96.77451979171036,100.0,"[2, 3, 4, 5, 10, 11, 12, 13, 14, 15, 16, 17, 18, 19, 20, 21, 22, 23, 24, 25, 30, 31, 32, 33, 34, 35]"
8,103,Multiple_Demand_Extended_Network,surrogate,1,97.11961361332224,100.0,"[2, 3, 4, 5, 10, 13, 14, 15, 16, 17, 18, 19, 20, 21, 22, 23, 24, 25, 29, 30, 31, 32, 33, 34, 35]"
8,103,Multiple_Demand_Extended_Network,surrogate,2,97.22444912024507,100.0,"[2, 3, 4, 5, 9, 10, 13, 14, 15, 16, 17, 18, 19, 20, 21, 22, 23, 24, 25, 30, 31, 32, 33, 34, 35]"
8,103,Multiple_Demand_Extended_Network,surrogate,3,97.37343887596603,95.05146476642913,"[2, 3, 4, 5, 10, 13, 14, 15, 16, 17, 19, 20, 21, 22, 23, 24, 25, 27, 30, 31, 32, 33, 34, 35]"
8,103,Multiple_Demand_Extended_Network,surrogate,4,97.40229947434243,95.05146476642913,"[2, 3, 5, 9, 10, 13, 14, 15, 16, 17, 18, 19, 20, 21, 22, 23, 24, 25, 27, 30, 31, 33, 34, 35]"
8,103,Multiple_Demand_Extended_Network,exact,0,97.22444912007629,99.99999999999851,null
8,103,Multiple_Demand_Extended_Network,exact,1,97.3981060540655,95.05146476642913,"[2, 3, 4, 5, 9, 10, 13, 14, 15, 16, 17, 19, 20, 21, 22, 23, 24, 25, 27, 30, 31, 33, 34, 35]"
8,103,Multiple_Demand_Extended_Network,exact,2,97.41709978120213,95.05146476642913,"[2, 3, 4, 5, 9, 10, 13, 14, 15, 16, 17, 19, 20, 21, 22, 23, 25, 27, 30, 31, 32, 33, 34, 35]"
8,103,Multiple_Demand_Extended_Network,exact,3,97.43757353902468,95.05146476642913,"[2, 3, 4, 5, 9, 10, 13, 14, 15, 16, 17, 19, 20, 21, 22, 23, 24, 25, 27, 30, 31, 32, 33, 35]"
8,103,Multiple_Demand_Extended_Network,exact,4,97.43757353885402,95.05146476642803,null
9,104,Visual_Network,surrogate,0,98.42755456054661,100.0,"[2, 3, 4, 5, 6, 7, 8, 9, 10, 11, 12, 13, 18, 19, 20, 21, 22, 23, 24, 25, 27, 28, 29, 30, 31, 32, 33]"
9,104,Visual_Network,surrogate,1,99.1663992439729,100.0,"[1, 2, 3, 4, 5, 6, 8, 9, 10, 11, 12, 13, 18, 19, 20, 21, 23, 24, 27, 28, 29, 30, 31, 32, 33]"
9,104,Visual_Network,surrogate,2,99.18535045849305,100.0,"[1, 2, 3, 4, 5, 6, 7, 8, 9, 11, 12, 13, 18, 19, 20, 21, 23, 24, 27, 28, 29, 30, 31, 32]"
9,104,Visual_Network,surrogate,3,99.18535045849305,100.0,"[1, 2, 3, 4, 5, 6, 7, 8, 9, 10, 11, 12, 13, 18, 19, 20, 21, 23, 24, 27, 28, 29, 30, 31, 32]"
9,104,Visual_Network,exact,0,99.18535045833684,100.00000000000044,null
9,104,Visual_Network,exact,1,99.18535045833684,100.00000000000044,null
10,107,Visual_Network,surrogate,0,95.17134445440034,99.96124031007751,"[0, 3, 5, 8, 9, 10, 11, 13, 14, 16, 17, 18, 19, 20, 21, 22, 23, 24, 25, 27, 28, 29, 30, 32]"
10,107,Visual_Network,surrogate,1,95.45222908399731,99.96124031007751,"[0, 3, 5, 8, 10, 11, 12, 13, 14, 16, 17, 18, 19, 20, 21, 22, 23, 24, 25, 28, 29, 30, 32]"
10,107,Visual_Network,surrogate,2,95.50463833990665,99.96124031007751,"[0, 3, 5, 8, 10, 11, 12, 13, 14, 16, 17, 18, 19, 20, 21, 22, 23, 24, 25, 27, 28, 30, 32]"
10,107,Visual_Network,surrogate,3,95.50874413414839,99.96124031007751,"[0, 3, 8, 10, 11, 12, 13, 14, 16, 17, 18, 19, 20, 21, 22, 23, 24, 25, 27, 28, 29, 30, 32]"
10,107,Visual_Network,surrogate,4,95.73142309243593,99.96124031007751,"[0, 3, 8, 10, 11, 13, 14, 15, 16, 17, 18, 19, 20, 21, 22, 23, 24, 25, 28, 29, 30, 32]"
10,107,Visual_Network,surrogate,5,95.82175056575433,99.96124031007751,"[0, 3, 8, 10, 11, 13, 14, 15, 16, 17, 18, 19, 20, 21, 22, 24, 25, 27, 28, 29, 30, 32]"
10,107,Visual_Network,surrogate,6,95.86087636970504,96.0658914728682,"[0, 3, 7, 8, 10, 11, 12, 13, 14, 16, 17, 18, 19, 20, 21, 22, 23, 24, 25, 28, 30, 32]"
10,107,Visual_Network,surrogate,7,96.11181285306813,93.75968992248062,"[0, 1, 3, 8, 10, 11, 13, 14, 16, 17, 18, 19, 20, 21, 22, 23, 24, 25, 28, 30, 32]"
10,107,Visual_Network,surrogate,8,96.3417373306058,93.75968992248062,"[0, 1, 3, 8, 10, 11, 13, 14, 15, 16, 17, 18, 19, 20, 21, 24, 25, 28, 30, 32]"
10,107,Visual_Network,surrogate,9,96.3417373306058,93.75968992248062,"[0, 1, 3, 8, 10, 11, 13, 14, 15, 16, 17, 18, 19, 20, 21, 24, 25, 28, 30, 32]"
10,107,Visual_Network,exact,0,95.41286176257744,99.99999999999854,null
10,107,Visual_Network,exact,1,95.50463833990665,99.96124031007751,"[0, 3, 5, 8, 10, 11, 12, 13, 14, 16, 17, 18, 19, 20, 21, 22, 23, 24, 25, 27, 28, 30, 32]"
10,107,Visual_Network,exact,2,95.71910570971072,99.96124031007751,"[0, 3, 8, 10, 11, 12, 13, 14, 15, 16, 17, 18, 19, 20, 21, 22, 24, 25, 27, 28, 30, 32]"
10,107,Visual_Network,exact,3,95.74349895785286,99.96124031007751,"[0, 3, 8, 10, 11, 12, 13, 14, 15, 16, 17, 18, 19, 20, 21, 24, 25, 27, 28, 29, 30, 32]"
10,107,Visual_Network,exact,4,95.82175056575433,99.96124031007751,"[0, 3, 8, 10, 11, 13, 14, 15, 16, 17, 18, 19, 20, 21, 22, 24, 25, 27, 28, 29, 30, 32]"
10,107,Visual_Network,exact,5,95.95555115457348,96.2596899224806,"[0, 3, 6, 8, 10, 11, 12, 13, 14, 16, 17, 18, 19, 20, 21, 22, 24, 25, 27, 28, 30, 32]"
10,107,Visual_Network,exact,6,95.98694840465743,93.7984496124031,"[0, 1, 3, 8, 11, 13, 14, 15, 16, 17, 18, 19, 20, 21, 22, 24, 25, 26, 28, 30, 32]"
10,107,Visual_Network,exact,7,96.00699434124947,93.7984496124031,"[0, 1, 3, 8, 11, 13, 14, 15, 16, 17, 18, 19, 20, 21, 22, 24, 25, 28, 29, 30, 32]"
10,107,Visual_Network,exact,8,95.02372907554421,93.14728682170542,"[0, 1, 2, 3, 8, 11, 13, 14, 15, 16, 17, 18, 19, 20, 21, 22, 24, 25, 27, 28, 30, 31, 32]"
10,107,Visual_Network,exact,9,96.3417373306058,93.75968992248062,"[0, 1, 3, 8, 10, 11, 13, 14, 15, 16, 17, 18, 19, 20, 21, 24, 25, 28, 30, 32]"
10,107,Visual_Network,exact,10,96.34173733042941,93.75968992247982,null
11,108,Visual_Network,surrogate,0,96.84610026793023,100.0,"[0, 1, 2, 4, 5, 6, 7, 8, 10, 11, 12, 13, 15, 16, 17, 22, 23, 24, 25, 26, 27, 28, 30, 31, 32, 33, 34, 35]"
11,108,Visual_Network,surrogate,1,96.9742187063088,100.0,"[0, 1, 2, 4, 5, 6, 7, 8, 10, 11, 12, 14, 15, 16, 17, 22, 23, 24, 25, 26, 27, 28, 30, 31, 32, 33, 34, 35]"
11,108,Visual_Network,surrogate,2,97.29578581850905,100.0,"[0, 1, 2, 4, 5, 6, 7, 8, 10, 12, 13, 15, 17, 19, 22, 23, 24, 25, 26, 27, 28, 30, 31, 32, 33, 34, 35]"
11,108,Visual_Network,surrogate,3,97.48160839480815,100.0,"[0, 1, 2, 4, 5, 6, 7, 8, 10, 11, 12, 15, 17, 19, 22, 23, 24, 25, 26, 27, 28, 30, 31, 32, 33, 34, 35]"
11,108,Visual_Network,surrogate,4,97.46838982576908,100.0,"[0, 1, 2, 3, 4, 5, 6, 7, 8, 10, 11, 12, 15, 16, 17, 22, 23, 24, 25, 26, 27, 28, 30, 31, 32, 33, 34]"
11,108,Visual_Network,surrogate,5,97.92010900235394,100.0,"[0, 1, 2, 3, 4, 5, 6, 7, 8, 10, 12, 15, 17, 19, 22, 23, 24, 25, 26, 27, 28, 30, 31, 32, 33, 34]"
11,108,Visual_Network,surrogate,6,97.80088767775163,96.22821675817617,"[0, 1, 2, 4, 5, 6, 7, 8, 9, 10, 12, 15, 17, 18, 22, 23, 24, 25, 26, 27, 28, 30, 31, 32, 33, 34]"
11,108,Visual_Network,surrogate,7,97.84791527914058,96.22821675817617,"[0, 1, 2, 3, 4, 5, 6, 7, 8, 9, 10, 12, 17, 18, 22, 23, 24, 25, 26, 27, 28, 30, 31, 32, 33, 34]"
11,108,Visual_Network,surrogate,8,97.92570147387045,96.22821675817617,"[0, 1, 2, 3, 4, 5, 6, 7, 8, 9, 10, 12, 15, 17, 22, 23, 24, 25, 26, 27, 28, 30, 31, 32, 33, 34]"
11,108,Visual_Network,surrogate,9,97.92570147387045,96.22821675817617,"[0, 1, 2, 3, 4, 5, 6, 7, 8, 9, 10, 12, 15, 17, 22, 23, 24, 25, 26, 27, 28, 30, 31, 32, 33, 34]"
11,108,Visual_Network,exact,0,97.92010900224116,99.99999999999967,null
11,108,Visual_Network,exact,1,97.92570147375763,96.22821675817573,null
11,108,Multiple_Demand_Extended_Network,surrogate,0,97.4912681183367,100.0,"[0, 1, 2, 3, 4, 5, 6, 7, 8, 9, 10, 11, 12, 15, 17, 19, 23, 24, 25, 26, 27, 28, 30, 31, 32, 33, 34]"
11,108,Multiple_Demand_Extended_Network,surrogate,1,97.92570147387045,100.0,"[0, 1, 2, 3, 4, 5, 6, 7, 8, 9, 10, 12, 15, 17, 22, 23, 24, 25, 26, 27, 28, 30, 31, 32, 33, 34]"
11,108,Multiple_Demand_Extended_Network,surrogate,2,97.92570147387045,100.0,"[0, 1, 2, 3, 4, 5, 6, 7, 8, 9, 10, 12, 15, 17, 22, 23, 24, 25, 26, 27, 28, 30, 31, 32, 33, 34]"
11,108,Multiple_Demand_Extended_Network,exact,0,97.92570147375763,99.99999999999842,null
11,108,Multiple_Demand_Extended_Network,exact,1,97.92570147375763,99.99999999999842,null
12,110,Visual_Network,surrogate,0,96.34042596032357,100.0,"[6, 7, 8, 10, 11, 12, 13, 14, 15, 16, 17, 18, 19, 20, 21, 22, 23, 24, 25, 26, 27, 28, 29, 30, 31, 32, 33, 34, 35, 36]"
12,110,Visual_Network,surrogate,1,97.55810265935757,97.06830841395485,"[5, 6, 7, 10, 11, 12, 13, 14, 15, 16, 18, 19, 20, 21, 22, 24, 25, 26, 27, 28, 29, 30, 32, 33, 34, 35, 36]"
12,110,Visual_Network,surrogate,2,97.55810265935757,97.06830841395485,"[5, 6, 7, 10, 11, 12, 13, 14, 15, 16, 18, 19, 20, 21, 22, 24, 25, 26, 27, 28, 29, 30, 32, 33, 35, 36]"
12,110,Visual_Network,exact,0,96.45343481466021,99.9999999999984,null
12,110,Visual_Network,exact,1,96.516860719733,97.06830841395485,"[1, 3, 5, 6, 7, 8, 9, 10, 11, 13, 14, 15, 16, 18, 19, 20, 22, 24, 25, 26, 27, 28, 29, 30, 32, 33, 34]"
12,110,Visual_Network,exact,2,96.83701052567994,97.06830841395485,"[3, 5, 6, 7, 9, 10, 11, 13, 14, 15, 16, 17, 18, 20, 21, 22, 24, 25, 26, 27, 28, 29, 30, 34]"
12,110,Visual_Network,exact,3,97.01948584746572,97.06830841395485,"[5, 6, 7, 9, 10, 11, 13, 14, 15, 16, 17, 18, 20, 21, 22, 23, 24, 25, 26, 27, 28, 29, 30, 34]"
12,110,Visual_Network,exact,4,97.04440316726819,97.06830841395485,"[5, 6, 7, 9, 10, 11, 13, 14, 15, 16, 17, 18, 20, 21, 22, 24, 25, 26, 27, 28, 29, 30, 32, 34, 35]"
12,110,Visual_Network,exact,5,97.41086395143388,97.06830841395485,"[5, 6, 7, 9, 10, 11, 13, 14, 15, 16, 17, 18, 19, 20, 21, 22, 24, 25, 26, 27, 28, 29, 30, 32, 34]"
12,110,Visual_Network,exact,6,97.58377504945709,97.06830841395485,"[5, 6, 7, 10, 11, 13, 14, 15, 16, 17, 18, 19, 20, 21, 22, 23, 24, 25, 26, 27, 28, 29, 30, 32, 34, 36]"
12,110,Visual_Network,exact,7,97.60869236925956,97.06830841395485,"[5, 6, 7, 10, 11, 13, 14, 15, 16, 17, 18, 19, 20, 21, 22, 24, 25, 26, 27, 28, 29, 30, 32, 34, 35, 36]"
12,110,Visual_Network,exact,8,97.60869236913277,97.0683084139529,null
12,110,Multiple_Demand_Extended_Network,surrogate,0,96.55310409399114,100.0,"[3, 5, 6, 7, 8, 11, 13, 14, 15, 16, 17, 18, 19, 20, 21, 22, 23, 24, 25, 26, 27, 28, 29, 30, 32, 33, 34, 35, 36]"
12,110,Multiple_Demand_Extended_Network,surrogate,1,97.0564842920209,100.0,"[3, 5, 6, 7, 11, 13, 14, 15, 16, 17, 18, 19, 20, 21, 22, 23, 24, 25, 26, 27, 28, 29, 30, 32, 33, 34, 35, 36]"
12,110,Multiple_Demand_Extended_Network,surrogate,2,97.08769386429876,100.0,"[5, 6, 7, 8, 11, 12, 13, 14, 15, 16, 17, 18, 19, 20, 21, 22, 24, 25, 26, 27, 28, 29, 30, 32, 33, 34, 35, 36]"
12,110,Multiple_Demand_Extended_Network,surrogate,3,97.20271623954856,100.0,"[5, 6, 7, 11, 12, 13, 14, 15, 16, 17, 18, 19, 20, 21, 22, 23, 24, 25, 26, 27, 28, 29, 30, 32, 33, 34, 35, 36]"
12,110,Multiple_Demand_Extended_Network,surrogate,4,97.3942524048989,100.0,"[5, 6, 7, 9, 11, 12, 13, 14, 15, 16, 17, 18, 19, 20, 21, 22, 24, 25, 26, 27, 28, 29, 30, 32, 33, 34, 36]"
12,110,Multiple_Demand_Extended_Network,surrogate,5,97.58377504945709,96.55102454858998,"[5, 6, 7, 10, 11, 13, 14, 15, 16, 17, 18, 19, 20, 21, 22, 23, 24, 25, 26, 27, 28, 29, 30, 32, 33, 34, 36]"
12,110,Multiple_Demand_Extended_Network,surrogate,6,97.60869236925956,96.55102454858998,"[5, 6, 7, 10, 11, 13, 14, 15, 16, 17, 18, 19, 20, 21, 22, 24, 25, 26, 27, 28, 29, 30, 32, 33, 34, 35, 36]"
12,110,Multiple_Demand_Extended_Network,surrogate,7,97.60869236925956,96.55102454858998,"[5, 6, 7, 10, 11, 13, 14, 15, 16, 17, 18, 19, 20, 21, 22, 24, 25, 26, 27, 28, 29, 30, 32, 34, 35, 36]"
12,110,Multiple_Demand_Extended_Network,exact,0,97.39425240477527,99.99999999999952,null
12,110,Multiple_Demand_Extended_Network,exact,1,97.42193831579053,96.55102454858998,"[5, 6, 7, 9, 10, 11, 13, 14, 15, 16, 18, 19, 20, 21, 22, 24, 25, 26, 27, 28, 29, 30, 32, 34, 35, 36]"
12,110,Multiple_Demand_Extended_Network,exact,2,97.58377504945709,96.55102454858998,"[5, 6, 7, 10, 11, 13, 14, 15, 16, 17, 18, 19, 20, 21, 22, 23, 24, 25, 26, 27, 28, 29, 30, 32, 34, 36]"
12,110,Multiple_Demand_Extended_Network,exact,3,97.60869236925956,96.55102454858998,"[5, 6, 7, 10, 11, 13, 14, 15, 16, 17, 18, 19, 20, 21, 22, 24, 25, 26, 27, 28, 29, 30, 32, 34, 35, 36]"
12,110,Multiple_Demand_Extended_Network,exact,4,97.60869236913277,96.55102454858935,null
13,111,Multiple_Demand_Extended_Network,surrogate,0,92.58419028925522,99.96642605338258,"[1, 3, 4, 5, 9, 10, 11, 15, 16, 17, 18, 19, 20, 21, 22, 23, 24, 28, 29, 30, 32, 33, 34]"
13,111,Multiple_Demand_Extended_Network,surrogate,1,92.68849474447778,99.96642605338258,"[1, 3, 5, 8, 9, 10, 11, 15, 16, 17, 18, 19, 20, 21, 22, 23, 24, 28, 29, 30, 32, 33, 34]"
13,111,Multiple_Demand_Extended_Network,surrogate,2,92.84732198311215,99.96642605338258,"[1, 3, 5, 9, 10, 11, 14, 15, 16, 17, 18, 19, 20, 21, 22, 23, 24, 28, 29, 30, 32, 33, 34]"
13,111,Multiple_Demand_Extended_Network,surrogate,3,93.9496304303507,99.96642605338258,"[1, 3, 5, 9, 10, 11, 15, 16, 17, 20, 21, 22, 23, 24, 28, 29, 30, 32, 33, 34]"
13,111,Multiple_Demand_Extended_Network,surrogate,4,93.96006087587297,99.96642605338258,"[1, 3, 5, 9, 10, 11, 15, 16, 17, 18, 20, 21, 22, 24, 28, 29, 30, 32, 33, 34]"
13,111,Multiple_Demand_Extended_Network,surrogate,5,94.061994775295,99.96642605338258,"[1, 3, 5, 9, 10, 11, 16, 17, 18, 19, 20, 21, 22, 23, 24, 28, 29, 30, 33, 34]"
13,111,Multiple_Demand_Extended_Network,surrogate,6,94.0819074440193,99.96642605338258,"[1, 2, 3, 5, 9, 10, 16, 17, 18, 19, 20, 21, 22, 23, 24, 28, 29, 30, 33, 34]"
13,111,Multiple_Demand_Extended_Network,exact,0,93.02582483476002,99.9999999999985,null
13,111,Multiple_Demand_Extended_Network,exact,1,93.23016674489502,99.96642605338258,"[1, 3, 5, 8, 9, 10, 11, 13, 15, 16, 18, 20, 21, 24, 28, 29, 30, 33, 34]"
13,111,Multiple_Demand_Extended_Network,exact,2,93.2545834696403,99.96642605338258,"[1, 3, 5, 8, 9, 10, 13, 15, 16, 18, 20, 21, 23, 24, 28, 29, 30, 33, 34]"
13,111,Multiple_Demand_Extended_Network,exact,3,93.61301150667785,99.96642605338258,"[1, 3, 5, 8, 9, 10, 13, 15, 16, 18, 20, 21, 22, 24, 28, 29, 30, 33, 34]"
13,111,Multiple_Demand_Extended_Network,exact,4,93.88135842329592,99.96642605338258,"[1, 3, 5, 8, 9, 10, 11, 15, 16, 18, 20, 21, 22, 24, 28, 29, 30, 33, 34]"
13,111,Multiple_Demand_Extended_Network,exact,5,93.90127109202022,99.96642605338258,"[1, 2, 3, 5, 8, 9, 10, 15, 16, 18, 20, 21, 22, 24, 28, 29, 30, 33, 34]"
13,111,Multiple_Demand_Extended_Network,exact,6,94.0352074947492,99.96642605338258,"[1, 3, 5, 9, 10, 14, 15, 16, 17, 19, 20, 21, 22, 23, 24, 28, 29, 30, 33, 34]"
13,111,Multiple_Demand_Extended_Network,exact,7,94.05393488557327,99.96642605338258,"[1, 2, 3, 5, 9, 10, 15, 16, 17, 18, 19, 20, 21, 22, 24, 28, 29, 30, 33, 34]"
13,111,Multiple_Demand_Extended_Network,exact,8,94.07574399893798,99.96642605338258,"[1, 3, 5, 9, 10, 14, 16, 17, 18, 19, 20, 21, 22, 23, 24, 28, 29, 30, 33, 34]"
13,111,Multiple_Demand_Extended_Network,exact,9,94.0871226666219,99.96642605338108,null
14,112,Visual_Network,surrogate,0,97.87636544072214,95.28255528255526,"[0, 3, 4, 5, 6, 8, 9, 10, 11, 13, 14, 15, 16, 17, 20, 21, 22, 25, 26]"
14,112,Visual_Network,surrogate,1,98.21845620212459,90.36855036855037,"[0, 1, 3, 4, 5, 6, 8, 9, 10, 11, 13, 15, 16, 20, 21, 22, 25, 26]"
14,112,Visual_Network,surrogate,2,98.21845620212459,90.36855036855037,"[0, 1, 3, 4, 5, 6, 8, 9, 10, 11, 13, 15, 16, 20, 21, 22, 25, 26]"
14,112,Visual_Network,exact,0,97.89521144474269,95.28255528255424,null
14,112,Visual_Network,exact,1,97.92121415979022,91.2039312039312,"[0, 3, 4, 5, 6, 8, 9, 10, 11, 15, 16, 17, 18, 20, 21, 23, 25, 26]"
14,112,Visual_Network,exact,2,98.26235069312742,90.36855036855037,"[0, 1, 3, 4, 5, 6, 8, 10, 11, 15, 16, 17, 20, 21, 25, 26]"
14,112,Visual_Network,exact,3,98.2623506928512,90.36855036855107,null
15,113,Visual_Network,surrogate,0,96.54050410505367,92.59720062208399,"[0, 1, 2, 3, 4, 5, 6, 7, 8, 9, 10, 11, 14, 15, 16, 17, 18, 19, 20, 21, 25, 26, 27, 29]"
15,113,Visual_Network,surrogate,1,96.82920845445287,92.56609642301711,"[0, 1, 2, 4, 5, 7, 8, 9, 10, 11, 14, 15, 16, 18, 19, 20, 21, 22, 25, 26, 27, 29, 30]"
15,113,Visual_Network,surrogate,2,96.59502338133508,84.63452566096423,"[0, 1, 2, 4, 5, 7, 8, 9, 10, 11, 12, 13, 14, 15, 16, 17, 18, 19, 20, 21, 25, 26, 27, 29]"
15,113,Visual_Network,surrogate,3,97.49186547616394,88.6158631415241,"[0, 1, 2, 4, 5, 7, 8, 9, 10, 11, 12, 14, 15, 16, 18, 19, 20, 21, 25, 26, 27, 29]"
15,113,Visual_Network,surrogate,4,97.49533488465454,88.6158631415241,"[0, 1, 2, 3, 4, 5, 7, 8, 9, 10, 11, 12, 14, 15, 16, 18, 19, 20, 25, 26, 27, 29]"
15,113,Visual_Network,exact,0,96.57965885789781,92.59720062208214,null
15,113,Visual_Network,exact,1,96.82920845445287,92.56609642301711,"[0, 1, 2, 4, 5, 7, 8, 9, 10, 11, 14, 15, 16, 18, 19, 20, 21, 22, 25, 26, 27, 29, 30]"
15,113,Visual_Network,exact,2,97.0514984127456,88.6158631415241,"[0, 1, 2, 3, 4, 5, 6, 7, 8, 9, 10, 11, 12, 14, 15, 16, 18, 19, 20, 25, 26, 27]"
15,113,Visual_Network,exact,3,97.49186547616394,88.6158631415241,"[0, 1, 2, 4, 5, 7, 8, 9, 10, 11, 12, 14, 15, 16, 18, 19, 20, 21, 25, 26, 27, 29]"
15,113,Visual_Network,exact,4,97.51416881646084,84.63452566096423,"[0, 1, 2, 4, 5, 7, 8, 9, 10, 11, 12, 13, 14, 15, 16, 18, 19, 20, 25, 26, 27, 29]"
15,113,Visual_Network,exact,5,97.5141688163164,84.63452566096277,null
15,113,Multiple_Demand_Extended_Network,surrogate,0,96.54199099440682,100.0,"[0, 1, 2, 4, 5, 7, 8, 9, 10, 11, 12, 14, 15, 16, 18, 19, 20, 23, 25, 26, 27, 28, 29, 30]"
15,113,Multiple_Demand_Extended_Network,surrogate,1,97.49533488465454,100.0,"[0, 1, 2, 3, 4, 5, 7, 8, 9, 10, 11, 12, 14, 15, 16, 18, 19, 20, 26, 27, 29]"
15,113,Multiple_Demand_Extended_Network,surrogate,2,97.49533488465454,100.0,"[0, 1, 2, 3, 4, 5, 7, 8, 9, 10, 11, 12, 14, 15, 16, 18, 19, 20, 25, 26, 27, 29]"
15,113,Multiple_Demand_Extended_Network,exact,0,97.5141688163164,99.9999999999974,null
15,113,Multiple_Demand_Extended_Network,exact,1,97.5141688163164,99.9999999999974,null
16,114,Multiple_Demand_Extended_Network,surrogate,0,97.47522445326119,100.0,"[0, 1, 2, 3, 4, 5, 7, 9, 11, 12, 13, 14, 15, 16, 17, 19, 22, 23, 24, 25, 26, 27, 28, 29]"
16,114,Multiple_Demand_Extended_Network,surrogate,1,97.79035905124266,100.0,"[0, 1, 2, 3, 4, 6, 7, 9, 11, 12, 13, 14, 15, 16, 17, 19, 22, 23, 24, 25, 26, 27, 29]"
16,114,Multiple_Demand_Extended_Network,surrogate,2,97.97948912687004,100.0,"[0, 1, 2, 3, 4, 7, 9, 10, 11, 12, 13, 14, 15, 16, 17, 19, 22, 23, 24, 25, 26, 27, 28]"
16,114,Multiple_Demand_Extended_Network,surrogate,3,98.01968235024326,100.0,"[0, 1, 2, 3, 4, 7, 9, 11, 12, 13, 14, 15, 16, 17, 18, 19, 22, 23, 24, 25, 26, 27, 28]"
16,114,Multiple_Demand_Extended_Network,surrogate,4,98.08428740867141,100.0,"[0, 2, 3, 4, 7, 9, 10, 11, 12, 13, 14, 15, 16, 17, 18, 19, 22, 23, 24, 25, 26, 27, 28]"
16,114,Multiple_Demand_Extended_Network,surrogate,5,97.92745986225809,96.76136363636365,"[0, 1, 2, 3, 4, 7, 9, 10, 11, 12, 14, 15, 16, 17, 18, 19, 21, 22, 23, 24, 25, 26, 27]"
16,114,Multiple_Demand_Extended_Network,surrogate,6,97.92745986225809,96.76136363636365,"[0, 1, 2, 3, 4, 7, 9, 10, 11, 12, 14, 15, 16, 17, 18, 19, 21, 22, 23, 24, 25, 26]"
16,114,Multiple_Demand_Extended_Network,exact,0,98.08428740848159,99.9999999999985,null
16,114,Multiple_Demand_Extended_Network,exact,1,98.0677662675865,99.9999999999985,null
17,115,Visual_Network,surrogate,0,95.27758524149806,100.0,"[0, 2, 3, 4, 6, 7, 8, 9, 10, 11, 12, 13, 14, 16, 17, 18, 19, 20, 21, 22, 23, 24, 26, 27, 28, 29, 30, 31]"
17,115,Visual_Network,surrogate,1,95.51167098742745,100.0,"[0, 2, 3, 4, 6, 7, 8, 9, 10, 12, 13, 14, 16, 17, 18, 19, 20, 21, 22, 23, 24, 25, 26, 27, 28, 29, 30, 31]"
17,115,Visual_Network,surrogate,2,96.19493496658914,99.94974874371859,"[0, 2, 3, 4, 7, 8, 9, 10, 13, 14, 15, 16, 17, 18, 19, 20, 21, 22, 23, 24, 26, 27, 28, 29, 30, 31]"
17,115,Visual_Network,surrogate,3,96.25191474246867,99.94974874371859,"[0, 2, 3, 6, 7, 8, 9, 10, 13, 14, 15, 16, 17, 18, 19, 20, 21, 22, 23, 24, 26, 27, 28, 29, 30, 31]"
17,115,Visual_Network,surrogate,4,97.70452902885248,95.32663316582914,"[0, 1, 2, 3, 4, 7, 8, 9, 10, 13, 14, 17, 18, 19, 20, 21, 22, 24, 26, 27, 28, 29, 30]"
17,115,Visual_Network,surrogate,5,97.8493217926676,95.32663316582914,"[0, 1, 2, 3, 4, 7, 8, 9, 10, 13, 14, 16, 17, 18, 19, 20, 21, 22, 26, 27, 28, 29, 30]"
17,115,Visual_Network,surrogate,6,97.95193472239009,95.32663316582914,"[0, 1, 2, 3, 4, 7, 8, 9, 10, 14, 16, 17, 18, 19, 20, 21, 22, 26, 27, 28, 29, 30, 31]"
17,115,Visual_Network,exact,0,96.10909530409215,99.99999999999963,null
17,115,Visual_Network,exact,1,96.20480159444706,99.94974874371859,"[0, 2, 3, 7, 8, 9, 10, 13, 14, 15, 16, 17, 18, 19, 20, 21, 22, 23, 24, 25, 26, 27, 28, 29, 30, 31]"
17,115,Visual_Network,exact,2,96.25191474246867,99.94974874371859,"[0, 2, 3, 6, 7, 8, 9, 10, 13, 14, 15, 16, 17, 18, 19, 20, 21, 22, 23, 24, 26, 27, 28, 29, 30, 31]"
17,115,Visual_Network,exact,3,96.30050788466897,95.32663316582914,"[0, 1, 2, 3, 4, 5, 7, 8, 9, 10, 11, 13, 14, 17, 18, 19, 20, 21, 22, 23, 26, 27, 28, 29]"
17,115,Visual_Network,exact,4,96.3338077536895,95.32663316582914,"[0, 1, 2, 3, 5, 6, 7, 8, 9, 10, 11, 13, 14, 17, 18, 19, 20, 21, 22, 23, 26, 27, 28, 29]"
17,115,Visual_Network,exact,5,96.3547743378876,95.32663316582914,"[0, 1, 2, 3, 5, 7, 8, 9, 10, 11, 13, 14, 16, 17, 18, 19, 20, 21, 22, 23, 26, 27, 28]"
17,115,Visual_Network,exact,6,96.72896619939961,95.32663316582914,"[0, 1, 2, 3, 5, 7, 8, 9, 10, 11, 13, 14, 17, 18, 19, 20, 21, 22, 23, 26, 27, 28, 29, 30]"
17,115,Visual_Network,exact,7,96.79901925719093,95.32663316582914,"[0, 1, 2, 3, 5, 7, 8, 9, 10, 11, 13, 14, 17, 18, 19, 20, 21, 22, 24, 26, 27, 28, 29]"
17,115,Visual_Network,exact,8,96.88461225385848,95.32663316582914,"[0, 1, 2, 3, 4, 5, 7, 8, 9, 10, 11, 13, 14, 17, 18, 19, 20, 21, 22, 26, 27, 28, 29, 30]"
17,115,Visual_Network,exact,9,96.93937203846998,95.32663316582914,"[0, 1, 2, 3, 5, 7, 8, 9, 10, 11, 13, 14, 16, 17, 18, 19, 20, 21, 22, 26, 27, 28, 29]"
17,115,Visual_Network,exact,10,96.98377186383067,95.32663316582914,"[0, 1, 2, 3, 4, 5, 7, 8, 9, 10, 11, 14, 16, 17, 18, 19, 20, 21, 22, 26, 27, 28, 29, 30]"
17,115,Visual_Network,exact,11,97.18653106631113,95.32663316582914,"[0, 1, 2, 3, 9, 13, 14, 15, 17, 18, 19, 20, 21, 22, 24, 27, 28, 29, 30, 31]"
17,115,Visual_Network,exact,12,97.56417624757344,95.32663316582914,"[0, 1, 2, 3, 8, 9, 10, 13, 14, 15, 17, 18, 19, 20, 21, 22, 24, 26, 27, 28, 29, 30]"
17,115,Visual_Network,exact,13,97.66629584590302,95.32663316582914,"[0, 1, 2, 3, 8, 9, 10, 14, 15, 17, 18, 19, 20, 21, 22, 24, 26, 27, 28, 29, 30, 31]"
17,115,Visual_Network,exact,14,97.87768834775918,95.32663316582914,"[0, 1, 2, 3, 8, 9, 10, 14, 16, 17, 18, 19, 20, 21, 22, 24, 26, 27, 28, 29, 30, 31]"
17,115,Visual_Network,exact,15,97.91789485628023,95.32663316582914,"[0, 1, 2, 3, 7, 8, 9, 10, 13, 14, 16, 17, 18, 19, 20, 21, 22, 26, 27, 28, 29, 30, 31]"
17,115,Visual_Network,exact,16,97.95193472239009,95.32663316582914,"[0, 1, 2, 3, 4, 7, 8, 9, 10, 14, 16, 17, 18, 19, 20, 21, 22, 26, 27, 28, 29, 30, 31]"
17,115,Visual_Network,exact,17,97.95193472220699,95.32663316582891,null
18,116,Visual_Network,surrogate,0,93.21018244101461,100.0,"[1, 3, 4, 5, 6, 7, 8, 9, 10, 11, 12, 13, 14, 15, 16, 17, 18, 20, 21, 22, 23, 26, 27, 28, 29, 30, 31, 32]"
18,116,Visual_Network,surrogate,1,93.42620568877257,99.93876301285978,"[1, 2, 3, 4, 5, 6, 7, 8, 9, 10, 11, 12, 13, 15, 16, 17, 18, 20, 21, 22, 23, 24, 26, 27, 28, 29, 30, 31]"
18,116,Visual_Network,surrogate,2,93.88014318155577,100.0,"[1, 2, 3, 4, 5, 6, 7, 8, 9, 10, 11, 13, 15, 16, 17, 18, 19, 20, 21, 22, 23, 26, 27, 28, 29, 30, 31]"
18,116,Visual_Network,surrogate,3,93.96602324775797,100.0,"[2, 3, 5, 6, 7, 8, 9, 10, 11, 13, 14, 15, 16, 17, 18, 19, 20, 21, 22, 23, 26, 27, 28, 29, 30, 31, 32]"
18,116,Visual_Network,surrogate,4,94.04348369962665,96.75443968156769,"[1, 2, 3, 4, 5, 6, 7, 8, 9, 11, 13, 15, 16, 17, 18, 20, 21, 22, 23, 25, 26, 27, 28, 29, 30, 31, 32]"
18,116,Visual_Network,surrogate,5,93.73316077133292,96.75443968156769,"[2, 3, 4, 5, 6, 7, 8, 9, 10, 11, 13, 14, 15, 16, 17, 18, 20, 21, 22, 23, 25, 26, 27, 28, 29, 30, 31, 32]"
18,116,Visual_Network,surrogate,6,94.33335899311035,96.75443968156769,"[1, 2, 3, 5, 6, 7, 8, 9, 10, 11, 13, 15, 16, 17, 18, 19, 20, 21, 22, 25, 26, 27, 28, 29, 30, 31]"
18,116,Visual_Network,surrogate,7,94.36607520880644,96.75443968156769,"[2, 3, 4, 6, 7, 8, 9, 10, 11, 13, 15, 16, 17, 18, 19, 20, 21, 22, 23, 25, 27, 28, 29, 30, 31, 32]"
18,116,Visual_Network,surrogate,8,94.65522882106154,96.75443968156769,"[1, 2, 3, 5, 6, 7, 8, 9, 11, 13, 15, 16, 17, 18, 19, 20, 21, 22, 23, 25, 27, 28, 29, 30, 31]"
18,116,Visual_Network,surrogate,9,94.802932912513,96.75443968156769,"[2, 3, 5, 6, 7, 8, 9, 11, 13, 15, 16, 17, 18, 19, 20, 21, 22, 23, 25, 26, 27, 28, 29, 30, 31]"
18,116,Visual_Network,surrogate,10,94.91527462376352,92.92712798530313,"[0, 2, 3, 6, 7, 8, 9, 11, 13, 15, 16, 17, 18, 19, 20, 21, 22, 23, 25, 27, 28, 29, 30, 31]"
18,116,Visual_Network,surrogate,11,94.95641045379317,92.92712798530313,"[0, 2, 3, 5, 6, 7, 8, 9, 11, 15, 16, 17, 18, 19, 20, 21, 22, 23, 25, 27, 28, 29, 30, 31]"
18,116,Visual_Network,exact,0,93.96121203942249,99.99999999999783,null
18,116,Visual_Network,exact,1,94.26912936376583,96.75443968156769,"[1, 2, 3, 5, 6, 7, 8, 9, 10, 11, 12, 15, 16, 17, 18, 19, 20, 21, 22, 23, 25, 27, 28, 29, 30, 31]"
18,116,Visual_Network,exact,2,94.35958007774914,96.75443968156769,"[2, 3, 5, 6, 7, 8, 9, 10, 11, 12, 13, 15, 16, 17, 18, 19, 21, 22, 23, 25, 26, 27, 28, 29, 30, 31]"
18,116,Visual_Network,exact,3,94.41731457603633,96.75443968156769,"[2, 3, 5, 6, 7, 8, 9, 10, 11, 12, 15, 16, 17, 18, 19, 20, 21, 22, 23, 25, 26, 27, 28, 29, 30, 31]"
18,116,Visual_Network,exact,4,94.65522882106154,96.75443968156769,"[1, 2, 3, 5, 6, 7, 8, 9, 11, 13, 15, 16, 17, 18, 19, 20, 21, 22, 23, 25, 27, 28, 29, 30, 31]"
18,116,Visual_Network,exact,5,94.802932912513,96.75443968156769,"[2, 3, 5, 6, 7, 8, 9, 11, 13, 15, 16, 17, 18, 19, 20, 21, 22, 23, 25, 26, 27, 28, 29, 30, 31]"
18,116,Visual_Network,exact,6,94.95641045379317,92.92712798530313,"[0, 3, 5, 6, 7, 8, 9, 11, 15, 16, 17, 18, 19, 20, 21, 22, 23, 25, 27, 28, 29, 30, 31]"
18,116,Visual_Network,exact,7,94.98984835071784,92.92712798530313,"[0, 2, 5, 6, 7, 8, 9, 11, 15, 16, 17, 18, 19, 20, 21, 22, 23, 25, 26, 27, 28, 29, 30, 31]"
18,116,Visual_Network,exact,8,94.98984835055208,92.92712798530012,null
18,116,Multiple_Demand_Extended_Network,surrogate,0,93.17530118163273,99.93462984147736,"[0, 1, 2, 3, 4, 5, 6, 7, 8, 9, 11, 12, 14, 15, 16, 17, 18, 20, 21, 23, 24, 25, 27, 28, 29, 30, 31, 32]"
18,116,Multiple_Demand_Extended_Network,surrogate,1,93.62851699318733,99.93462984147736,"[0, 1, 2, 3, 4, 5, 6, 7, 8, 9, 11, 12, 15, 16, 17, 18, 20, 21, 23, 24, 25, 26, 27, 28, 29, 30, 31]"
18,116,Multiple_Demand_Extended_Network,surrogate,2,93.3239675147223,99.93462984147736,"[0, 2, 3, 4, 5, 6, 7, 8, 9, 10, 11, 12, 14, 15, 16, 17, 18, 20, 21, 23, 24, 25, 26, 27, 28, 29, 30, 31]"
18,116,Multiple_Demand_Extended_Network,surrogate,3,93.37905584850469,99.83657460369342,"[0, 1, 2, 3, 4, 5, 6, 7, 8, 9, 11, 14, 15, 16, 17, 18, 19, 20, 21, 23, 24, 25, 26, 28, 29, 30, 31]"
18,116,Multiple_Demand_Extended_Network,surrogate,4,93.93042030714754,99.86925968295473,"[0, 2, 3, 5, 6, 7, 8, 9, 11, 12, 15, 16, 17, 18, 19, 20, 21, 23, 24, 25, 26, 28, 29, 30, 31, 32]"
18,116,Multiple_Demand_Extended_Network,surrogate,5,93.48923251606944,99.83657460369342,"[0, 2, 3, 6, 7, 8, 9, 10, 11, 14, 15, 16, 17, 18, 19, 20, 21, 23, 24, 25, 26, 27, 28, 29, 30, 31, 32]"
18,116,Multiple_Demand_Extended_Network,surrogate,6,93.60806935837728,99.83657460369342,"[0, 1, 2, 3, 4, 5, 6, 7, 8, 9, 11, 14, 15, 16, 17, 18, 19, 20, 21, 23, 25, 27, 28, 29, 30, 31, 32]"
18,116,Multiple_Demand_Extended_Network,surrogate,7,94.20417805319272,99.86925968295473,"[0, 2, 3, 4, 5, 6, 7, 8, 9, 11, 15, 16, 17, 18, 19, 20, 21, 23, 25, 26, 27, 28, 29, 30, 31, 32]"
18,116,Multiple_Demand_Extended_Network,surrogate,8,93.81976251876371,99.83657460369342,"[0, 2, 3, 5, 6, 7, 8, 9, 11, 13, 14, 15, 16, 17, 18, 19, 20, 21, 23, 24, 25, 27, 28, 29, 30, 31]"
18,116,Multiple_Demand_Extended_Network,surrogate,9,94.0742754320465,96.64977937571499,"[0, 2, 3, 4, 5, 6, 7, 8, 9, 11, 14, 15, 16, 17, 18, 20, 21, 22, 23, 24, 25, 27, 28, 29, 30, 31]"
18,116,Multiple_Demand_Extended_Network,surrogate,10,94.61385243062239,96.64977937571499,"[0, 1, 2, 3, 5, 6, 7, 8, 9, 11, 15, 16, 17, 18, 20, 21, 22, 23, 25, 27, 28, 29, 30, 31, 32]"
18,116,Multiple_Demand_Extended_Network,surrogate,11,94.77334398214082,96.64977937571499,"[0, 2, 3, 5, 6, 7, 8, 9, 10, 11, 15, 16, 17, 18, 20, 21, 22, 23, 25, 26, 27, 28, 29, 30, 31]"
18,116,Multiple_Demand_Extended_Network,surrogate,12,94.37690042723528,96.64977937571499,"[0, 1, 2, 3, 5, 6, 7, 8, 9, 11, 14, 15, 16, 17, 18, 19, 20, 21, 22, 23, 25, 28, 29, 30, 31]"
18,116,Multiple_Demand_Extended_Network,surrogate,13,94.51931218967708,96.64977937571499,"[0, 2, 3, 5, 6, 7, 8, 9, 11, 14, 15, 16, 17, 18, 19, 20, 21, 22, 23, 25, 27, 28, 29, 30, 31]"
18,116,Multiple_Demand_Extended_Network,surrogate,14,94.95641045379317,96.64977937571499,"[0, 2, 3, 5, 6, 7, 8, 9, 11, 15, 16, 17, 18, 19, 20, 21, 22, 23, 25, 27, 28, 29, 30, 31]"
18,116,Multiple_Demand_Extended_Network,exact,0,93.21018244088435,99.99999999999771,null
18,116,Multiple_Demand_Extended_Network,exact,1,93.754089526962,99.96731492073869,"[2, 3, 5, 6, 7, 8, 9, 11, 12, 13, 15, 16, 17, 18, 19, 20, 21, 23, 24, 25, 26, 27, 28, 29, 30, 31, 32]"
18,116,Multiple_Demand_Extended_Network,exact,2,93.77982949078171,99.96731492073869,"[2, 3, 4, 5, 6, 7, 8, 9, 11, 12, 13, 15, 16, 17, 18, 19, 20, 21, 23, 24, 25, 26, 27, 28, 29, 30, 31]"
18,116,Multiple_Demand_Extended_Network,exact,3,93.87052076517458,99.96731492073869,"[1, 2, 3, 5, 6, 7, 8, 9, 10, 11, 12, 13, 15, 16, 17, 18, 19, 20, 21, 23, 25, 26, 27, 28, 29, 30, 31]"
18,116,Multiple_Demand_Extended_Network,exact,4,93.950146260729,99.93462984147736,"[0, 2, 3, 4, 5, 6, 7, 8, 9, 10, 11, 12, 13, 15, 16, 17, 18, 20, 21, 23, 25, 26, 27, 28, 29, 30, 31]"
18,116,Multiple_Demand_Extended_Network,exact,5,93.98117855355838,99.86925968295473,"[0, 1, 2, 3, 5, 6, 7, 8, 9, 11, 12, 13, 15, 16, 17, 18, 19, 20, 21, 23, 25, 28, 29, 30, 31, 32]"
18,116,Multiple_Demand_Extended_Network,exact,6,94.15149532350566,99.86925968295473,"[0, 2, 3, 5, 6, 7, 8, 9, 11, 12, 13, 15, 16, 17, 18, 19, 20, 21, 23, 25, 26, 27, 28, 29, 30, 31]"
18,116,Multiple_Demand_Extended_Network,exact,7,94.20105076786884,99.86925968295473,"[0, 2, 3, 4, 5, 6, 7, 8, 9, 10, 11, 15, 16, 17, 18, 19, 20, 21, 23, 25, 26, 27, 28, 29, 30, 31]"
18,116,Multiple_Demand_Extended_Network,exact,8,94.25397405796546,99.86925968295473,"[0, 2, 3, 5, 6, 7, 8, 9, 11, 13, 15, 16, 17, 18, 19, 20, 21, 23, 24, 25, 27, 28, 29, 30, 31]"
18,116,Multiple_Demand_Extended_Network,exact,9,94.28452522997576,96.64977937571499,"[0, 3, 5, 6, 7, 8, 9, 15, 16, 17, 18, 19, 20, 21, 22, 23, 24, 25, 27, 28, 30, 31]"
18,116,Multiple_Demand_Extended_Network,exact,10,94.42332858627458,96.64977937571499,"[0, 1, 3, 5, 6, 7, 8, 9, 15, 16, 17, 18, 19, 20, 21, 22, 23, 25, 27, 28, 30, 31]"
18,116,Multiple_Demand_Extended_Network,exact,11,94.5842635002502,96.64977937571499,"[0, 3, 5, 6, 7, 8, 9, 15, 16, 17, 18, 19, 20, 21, 22, 23, 25, 26, 27, 28, 29, 30, 31]"
18,116,Multiple_Demand_Extended_Network,exact,12,94.95641045379317,96.64977937571499,"[0, 3, 5, 6, 7, 8, 9, 11, 15, 16, 17, 18, 19, 20, 21, 22, 23, 25, 27, 28, 29, 30, 31]"
18,116,Multiple_Demand_Extended_Network,exact,13,94.98984835071784,96.64977937571499,"[0, 2, 5, 6, 7, 8, 9, 11, 15, 16, 17, 18, 19, 20, 21, 22, 23, 25, 26, 27, 28, 29, 30, 31]"
18,116,Multiple_Demand_Extended_Network,exact,14,94.98984835055208,96.64977937571268,null
19,117,Multiple_Demand_Extended_Network,surrogate,0,93.44030929935545,99.7555012224939,"[0, 1, 2, 4, 6, 8, 9, 10, 11, 13, 14, 16, 17, 18, 19, 20, 21, 22, 23, 24, 25, 26, 27, 28, 30, 32, 35, 36, 37]"
19,117,Multiple_Demand_Extended_Network,surrogate,1,93.51360887347249,99.7555012224939,"[0, 1, 2, 4, 5, 6, 8, 9, 10, 11, 13, 14, 16, 17, 18, 19, 20, 22, 23, 24, 25, 26, 27, 28, 30, 32, 34, 35, 36]"
19,117,Multiple_Demand_Extended_Network,surrogate,2,93.4984520123839,99.7555012224939,"[0, 1, 2, 4, 5, 6, 8, 9, 10, 11, 13, 14, 16, 17, 18, 19, 20, 22, 23, 24, 25, 26, 27, 28, 30, 32, 35, 36, 37]"
19,117,Multiple_Demand_Extended_Network,surrogate,3,93.6741225171322,99.62510187449065,"[0, 1, 2, 4, 5, 6, 8, 9, 10, 11, 13, 16, 17, 18, 19, 20, 21, 22, 23, 24, 25, 26, 27, 28, 29, 30, 34, 35, 36]"
19,117,Multiple_Demand_Extended_Network,surrogate,4,93.73773163907785,99.7555012224939,"[0, 1, 2, 4, 5, 6, 7, 8, 9, 10, 11, 13, 16, 17, 18, 19, 20, 21, 22, 23, 24, 25, 26, 27, 28, 30, 34, 35, 36]"
19,117,Multiple_Demand_Extended_Network,surrogate,5,94.31518319924065,96.38141809290954,"[0, 1, 2, 3, 4, 5, 6, 8, 9, 10, 11, 12, 13, 16, 18, 19, 20, 21, 22, 23, 24, 25, 26, 27, 28, 30, 35, 36]"
19,117,Multiple_Demand_Extended_Network,surrogate,6,94.35990836310869,96.38141809290954,"[0, 1, 2, 3, 4, 5, 6, 7, 8, 9, 10, 11, 12, 13, 16, 18, 19, 20, 22, 23, 24, 25, 26, 27, 28, 30, 35, 36]"
19,117,Multiple_Demand_Extended_Network,surrogate,7,94.3981732255291,96.38141809290954,"[0, 2, 3, 4, 6, 7, 8, 9, 10, 11, 12, 13, 16, 17, 18, 19, 20, 22, 23, 24, 25, 26, 27, 28, 29, 30, 35, 36]"
19,117,Multiple_Demand_Extended_Network,surrogate,8,94.71522494272693,96.38141809290954,"[0, 1, 2, 4, 6, 8, 9, 10, 11, 12, 13, 16, 17, 18, 19, 20, 21, 22, 23, 24, 25, 26, 27, 28, 30, 35, 36]"
19,117,Multiple_Demand_Extended_Network,surrogate,9,94.77386460202057,96.38141809290954,"[0, 1, 2, 4, 5, 6, 8, 9, 10, 11, 12, 13, 16, 17, 18, 19, 20, 22, 23, 24, 25, 26, 27, 28, 30, 35, 36]"
19,117,Multiple_Demand_Extended_Network,surrogate,10,94.87076912373463,95.87612061939691,"[0, 1, 2, 4, 6, 8, 9, 10, 11, 13, 16, 17, 18, 19, 20, 22, 23, 24, 26, 27, 28, 29, 30, 31, 32, 36]"
19,117,Multiple_Demand_Extended_Network,surrogate,11,94.93835381580189,96.00651996740017,"[0, 1, 2, 4, 6, 7, 8, 9, 10, 11, 13, 16, 17, 18, 19, 20, 22, 23, 24, 26, 27, 28, 30, 31, 32, 36]"
19,117,Multiple_Demand_Extended_Network,surrogate,12,95.16048879634644,92.73023634881827,"[0, 2, 4, 6, 8, 9, 10, 11, 12, 13, 16, 17, 18, 19, 20, 21, 22, 23, 24, 26, 27, 28, 30, 31, 32, 36]"
19,117,Multiple_Demand_Extended_Network,surrogate,13,95.2320490585353,92.73023634881827,"[0, 2, 4, 6, 8, 9, 10, 11, 12, 13, 16, 17, 19, 20, 22, 23, 24, 25, 26, 27, 28, 30, 31, 32, 35, 36]"
19,117,Multiple_Demand_Extended_Network,surrogate,14,95.51307217150607,92.73023634881827,"[0, 1, 2, 4, 6, 8, 9, 10, 11, 12, 13, 16, 18, 19, 20, 22, 23, 24, 26, 27, 28, 30, 31, 32, 36]"
19,117,Multiple_Demand_Extended_Network,surrogate,15,95.5336954415119,92.73023634881827,"[0, 1, 2, 4, 6, 8, 9, 10, 11, 12, 13, 16, 17, 19, 20, 21, 22, 23, 24, 26, 27, 28, 30, 31, 36]"
19,117,Multiple_Demand_Extended_Network,surrogate,16,95.64153278106036,92.73023634881827,"[0, 1, 2, 4, 6, 8, 9, 10, 11, 12, 13, 16, 17, 19, 20, 22, 23, 24, 26, 27, 28, 30, 31, 35, 36]"
19,117,Multiple_Demand_Extended_Network,surrogate,17,95.6882457299892,88.23145884270578,"[0, 2, 3, 4, 6, 8, 9, 10, 11, 12, 13, 15, 16, 18, 19, 20, 22, 23, 24, 26, 27, 28, 30, 31, 36]"
19,117,Multiple_Demand_Extended_Network,surrogate,18,95.94963946548458,88.23145884270578,"[0, 1, 2, 4, 6, 8, 9, 10, 11, 12, 13, 15, 16, 19, 20, 22, 23, 24, 26, 27, 28, 30, 31, 36]"
19,117,Multiple_Demand_Extended_Network,surrogate,19,95.98243791898781,88.23145884270578,"[0, 1, 2, 4, 6, 8, 9, 10, 11, 12, 13, 15, 16, 17, 19, 20, 22, 24, 26, 27, 28, 30, 31, 36]"
19,117,Multiple_Demand_Extended_Network,surrogate,20,95.98243791898781,88.23145884270578,"[0, 1, 2, 4, 6, 8, 9, 10, 11, 12, 13, 15, 16, 17, 19, 20, 22, 24, 26, 27, 28, 30, 31, 36]"
19,117,Multiple_Demand_Extended_Network,exact,0,92.63302009144468,99.8207008964937,null
19,117,Multiple_Demand_Extended_Network,exact,1,93.02685000670877,99.78810105949469,"[0, 1, 2, 3, 4, 5, 6, 7, 8, 9, 10, 11, 13, 14, 16, 18, 19, 20, 22, 23, 24, 26, 27, 28, 30, 32, 34, 35, 36, 37]"
19,117,Multiple_Demand_Extended_Network,exact,2,93.0817625690134,99.78810105949469,"[0, 1, 2, 3, 4, 5, 6, 7, 8, 9, 10, 11, 13, 14, 16, 18, 19, 20, 22, 23, 24, 25, 26, 27, 28, 30, 32, 35, 36, 37]"
19,117,Multiple_Demand_Extended_Network,exact,3,93.10263431215182,99.78810105949469,"[0, 1, 2, 3, 4, 5, 6, 7, 8, 9, 10, 11, 13, 14, 16, 17, 18, 19, 20, 22, 24, 25, 26, 27, 28, 30, 32, 34, 35, 36]"
19,117,Multiple_Demand_Extended_Network,exact,4,93.24600330966211,99.7555012224939,"[0, 1, 2, 3, 4, 5, 6, 7, 8, 9, 10, 11, 13, 16, 17, 18, 19, 20, 21, 22, 23, 24, 25, 26, 27, 28, 30, 34, 35, 36]"
19,117,Multiple_Demand_Extended_Network,exact,5,93.34713187463038,99.7555012224939,"[0, 1, 2, 3, 4, 6, 7, 8, 9, 10, 11, 13, 14, 16, 17, 19, 20, 22, 23, 24, 26, 27, 28, 30, 32, 34, 35, 36, 37]"
19,117,Multiple_Demand_Extended_Network,exact,6,93.61920995482757,99.7555012224939,"[0, 1, 2, 3, 4, 5, 6, 7, 8, 9, 10, 11, 13, 16, 17, 18, 19, 20, 21, 22, 23, 24, 25, 26, 27, 28, 30, 34, 36]"
19,117,Multiple_Demand_Extended_Network,exact,7,93.73201675702803,99.7555012224939,"[0, 1, 2, 3, 4, 5, 6, 7, 8, 9, 10, 11, 13, 16, 17, 18, 19, 20, 22, 23, 24, 25, 26, 27, 28, 30, 34, 35, 36]"
19,117,Multiple_Demand_Extended_Network,exact,8,94.00210705216442,96.41401792991037,"[0, 1, 2, 3, 4, 6, 7, 8, 9, 10, 11, 12, 13, 14, 16, 17, 19, 20, 22, 24, 26, 27, 28, 29, 30, 32, 35, 36]"
19,117,Multiple_Demand_Extended_Network,exact,9,94.32064960815785,96.41401792991037,"[0, 1, 2, 3, 4, 5, 6, 7, 8, 9, 10, 11, 12, 13, 16, 17, 18, 19, 20, 22, 24, 26, 27, 28, 30, 34, 35, 36]"
19,117,Multiple_Demand_Extended_Network,exact,10,94.63670743282526,96.41401792991037,"[0, 1, 2, 3, 4, 6, 7, 8, 9, 10, 11, 12, 13, 16, 17, 18, 19, 20, 22, 24, 26, 27, 28, 29, 30, 34, 36]"
19,117,Multiple_Demand_Extended_Network,exact,11,94.71522494272693,96.38141809290954,"[0, 1, 2, 3, 4, 6, 8, 9, 10, 11, 12, 13, 16, 17, 18, 19, 20, 22, 23, 24, 25, 26, 27, 28, 30, 35, 36]"
19,117,Multiple_Demand_Extended_Network,exact,12,94.75995010659496,96.38141809290954,"[0, 1, 2, 4, 6, 7, 8, 9, 10, 11, 12, 13, 16, 17, 18, 19, 20, 22, 23, 24, 25, 26, 27, 28, 30, 35, 36]"
19,117,Multiple_Demand_Extended_Network,exact,13,94.89089544747524,96.00651996740017,"[0, 1, 2, 3, 4, 6, 8, 9, 10, 11, 13, 16, 17, 18, 19, 20, 22, 23, 24, 26, 27, 28, 30, 31, 32, 36]"
19,117,Multiple_Demand_Extended_Network,exact,14,94.93835381580189,96.00651996740017,"[0, 1, 2, 4, 6, 7, 8, 9, 10, 11, 13, 16, 17, 18, 19, 20, 22, 23, 24, 26, 27, 28, 30, 31, 32, 36]"
19,117,Multiple_Demand_Extended_Network,exact,15,94.99376332437171,92.73023634881827,"[0, 1, 2, 4, 6, 8, 9, 10, 11, 12, 13, 16, 17, 18, 19, 20, 22, 23, 24, 26, 27, 28, 30, 31, 32, 36]"
19,117,Multiple_Demand_Extended_Network,exact,16,95.0829651789752,92.73023634881827,"[0, 1, 2, 3, 4, 6, 7, 8, 9, 10, 11, 12, 13, 16, 17, 19, 20, 22, 23, 24, 26, 27, 28, 30, 31, 36]"
19,117,Multiple_Demand_Extended_Network,exact,17,95.13141743983222,92.73023634881827,"[0, 1, 2, 4, 6, 8, 9, 10, 11, 12, 13, 16, 18, 19, 20, 22, 23, 24, 26, 27, 28, 30, 31, 32, 35, 36]"
19,117,Multiple_Demand_Extended_Network,exact,18,95.16496131273325,92.73023634881827,"[0, 1, 2, 3, 4, 5, 6, 7, 8, 9, 10, 11, 12, 13, 16, 19, 20, 22, 23, 24, 26, 27, 28, 30, 31, 36]"
19,117,Multiple_Demand_Extended_Network,exact,19,95.41542223039421,92.73023634881827,"[0, 1, 2, 4, 6, 8, 9, 10, 11, 12, 13, 16, 17, 19, 20, 22, 23, 24, 26, 27, 28, 30, 31, 32, 36]"
19,117,Multiple_Demand_Extended_Network,exact,20,95.5384164310313,92.73023634881827,"[0, 1, 2, 4, 6, 8, 9, 10, 11, 12, 13, 16, 17, 18, 19, 20, 22, 24, 26, 27, 28, 30, 31, 32, 36]"
19,117,Multiple_Demand_Extended_Network,exact,21,95.60202555297694,92.73023634881827,"[0, 1, 2, 4, 6, 8, 9, 10, 11, 12, 13, 16, 17, 18, 19, 20, 22, 23, 24, 26, 27, 28, 30, 31, 36]"
19,117,Multiple_Demand_Extended_Network,exact,22,95.64153278106036,92.73023634881827,"[0, 1, 2, 4, 6, 8, 9, 10, 11, 12, 13, 16, 17, 19, 20, 22, 23, 24, 26, 27, 28, 30, 31, 35, 36]"
19,117,Multiple_Demand_Extended_Network,exact,23,95.94963946548458,88.23145884270578,"[0, 1, 2, 4, 6, 8, 9, 10, 11, 12, 13, 15, 16, 19, 20, 22, 23, 24, 26, 27, 28, 30, 31, 36]"
19,117,Multiple_Demand_Extended_Network,exact,24,95.98243791898781,88.23145884270578,"[0, 1, 2, 4, 6, 8, 9, 10, 11, 12, 13, 15, 16, 17, 19, 20, 22, 24, 26, 27, 28, 30, 31, 36]"
19,117,Multiple_Demand_Extended_Network,exact,25,95.98243791888437,88.23145884270468,null
20,118,Visual_Network,surrogate,0,93.4296938594939,89.22103042025674,"[0, 2, 3, 4, 5, 6, 8, 9, 12, 14, 17, 18, 19, 20, 21, 22, 23, 24, 26, 27, 29, 32]"
20,118,Visual_Network,surrogate,1,93.51968383177017,88.48250395639178,"[0, 2, 3, 5, 8, 9, 12, 14, 17, 18, 19, 20, 21, 22, 23, 24, 25, 26, 29, 31, 32]"
20,118,Visual_Network,surrogate,2,93.6380345661535,88.48250395639178,"[0, 2, 3, 5, 8, 9, 12, 14, 17, 18, 19, 20, 21, 22, 23, 24, 26, 27, 29, 31, 32]"
20,118,Visual_Network,surrogate,3,93.62609567628147,85.84490944258836,"[0, 2, 3, 4, 5, 7, 8, 9, 12, 14, 17, 18, 19, 20, 21, 22, 23, 24, 25, 29, 32]"
20,118,Visual_Network,surrogate,4,94.75113549224326,86.24934060137154,"[0, 2, 3, 4, 5, 6, 8, 9, 12, 14, 18, 19, 20, 21, 22, 23, 24, 26, 29, 31]"
20,118,Visual_Network,surrogate,5,95.35704595056923,85.96799718656587,"[0, 2, 3, 4, 5, 8, 9, 14, 18, 19, 20, 21, 22, 23, 24, 29, 31, 32]"
20,118,Visual_Network,surrogate,6,95.22963487288385,84.52611218568666,"[0, 2, 3, 4, 5, 8, 9, 14, 17, 18, 19, 20, 22, 23, 24, 31, 32]"
20,118,Visual_Network,surrogate,7,95.28692266855423,84.49094425883594,"[0, 2, 3, 4, 5, 8, 9, 17, 18, 19, 20, 22, 23, 24, 29, 31, 32]"
20,118,Visual_Network,surrogate,8,95.47379224915942,80.88623175663793,"[0, 2, 3, 4, 5, 8, 9, 10, 14, 17, 18, 19, 20, 22, 23, 24, 31]"
20,118,Visual_Network,surrogate,9,95.64702412552347,75.6989625461579,"[0, 2, 3, 4, 5, 7, 8, 9, 10, 14, 18, 19, 20, 22, 23, 24, 28, 31]"
20,118,Visual_Network,surrogate,10,95.64702412552347,75.6989625461579,"[0, 2, 3, 4, 5, 7, 8, 9, 10, 14, 18, 19, 20, 22, 23, 24, 28, 31]"
20,118,Visual_Network,exact,0,92.55541791999528,89.25619834710731,null
20,118,Visual_Network,exact,1,92.68896360526159,89.23861438368206,"[0, 2, 3, 5, 6, 8, 9, 12, 13, 14, 16, 17, 18, 19, 20, 21, 22, 23, 24, 25, 26, 27, 29, 31]"
20,118,Visual_Network,exact,2,93.40963841208047,89.22103042025674,"[0, 2, 3, 4, 5, 6, 8, 9, 12, 14, 17, 18, 19, 20, 21, 22, 23, 24, 25, 27, 29, 32]"
20,118,Visual_Network,exact,3,93.4296938594939,89.22103042025674,"[0, 2, 3, 4, 5, 6, 8, 9, 12, 14, 17, 18, 19, 20, 21, 22, 23, 24, 26, 27, 29, 32]"
20,118,Visual_Network,exact,4,93.6380345661535,88.48250395639178,"[0, 2, 3, 5, 8, 9, 12, 14, 17, 18, 19, 20, 21, 22, 23, 24, 26, 27, 29, 31, 32]"
20,118,Visual_Network,exact,5,94.75750604612752,86.24934060137154,"[0, 2, 3, 4, 5, 8, 9, 12, 14, 18, 19, 20, 21, 22, 23, 24, 26, 27, 29, 31]"
20,118,Visual_Network,exact,6,94.82286321005131,86.24934060137154,"[0, 2, 3, 4, 5, 8, 9, 12, 14, 18, 19, 20, 22, 23, 24, 25, 26, 27, 29, 31]"
20,118,Visual_Network,exact,7,95.35704595056923,85.96799718656587,"[0, 2, 3, 4, 5, 8, 9, 14, 18, 19, 20, 21, 22, 23, 24, 29, 31, 32]"
20,118,Visual_Network,exact,8,95.41626850704888,82.55670828204677,"[0, 2, 3, 4, 5, 7, 8, 9, 14, 18, 19, 20, 22, 23, 24, 29, 31, 32]"
20,118,Visual_Network,exact,9,95.44670559782928,82.3457007209425,"[0, 2, 3, 4, 5, 8, 9, 10, 14, 18, 19, 20, 22, 23, 24, 29, 31, 32]"
20,118,Visual_Network,exact,10,95.47379224915942,80.88623175663793,"[0, 2, 3, 4, 5, 8, 9, 10, 14, 17, 18, 19, 20, 22, 23, 24, 31]"
20,118,Visual_Network,exact,11,95.68807880611102,78.8992438895727,"[0, 2, 3, 4, 5, 8, 9, 10, 14, 18, 19, 20, 22, 23, 24, 28, 29, 31]"
20,118,Visual_Network,exact,12,95.68807880589097,78.89924388957247,null
